City_ID,City,Lat,Lng,Max Temp,Humidity,Cloudiness,Wind Speed,Country,Date
0,guerrero negro,27.9769,-114.0611,26.09,24,88,1.82,MX,1702938288
1,port-aux-francais,-49.35,70.2167,7.32,95,99,17.81,TF,1702938288
2,newman,37.3138,-121.0208,16.83,69,100,4.8,US,1702938288
3,anadyr,64.75,177.4833,-18.72,84,100,5.0,RU,1702938288
4,ilulissat,69.2167,-51.1,-8.99,62,75,11.32,GL,1702938289
5,hawaiian paradise park,19.5933,-154.9731,22.8,92,100,4.63,US,1702938289
6,klaksvik,62.2266,-6.589,4.51,68,58,9.26,FO,1702938289
7,thompson,55.7435,-97.8558,-8.91,86,40,2.57,CA,1702938273
8,margaret river,-33.95,115.0667,12.67,72,73,6.04,AU,1702938290
9,saldanha,-33.0117,17.9442,15.03,77,41,10.57,ZA,1702938290
10,lihue,21.9789,-159.3672,25.58,70,20,9.26,US,1702938290
11,waitangi,-43.9535,-176.5597,15.46,74,47,3.73,NZ,1702938290
12,blackmans bay,-43.0167,147.3167,14.07,88,87,4.68,AU,1702938290
13,adamstown,-25.066,-130.1015,22.89,80,100,6.53,PN,1702938291
14,zheleznodorozhnyy,55.7503,38.0042,2.12,99,100,4.47,RU,1702938291
15,beitbridge,-22.2167,30.0,27.65,67,100,3.55,ZW,1702938291
16,porbandar,21.6422,69.6093,20.84,40,31,5.83,IN,1702938291
17,wailua homesteads,22.0669,-159.378,25.24,75,20,9.26,US,1702938291
18,bethel,41.3712,-73.414,9.01,74,75,8.23,US,1702938292
19,holualoa,19.6228,-155.9522,24.91,77,75,3.6,US,1702938044
20,surgut,61.25,73.4167,-12.83,82,40,6.0,RU,1702938292
21,afaahiti,-17.75,-149.2833,24.93,86,100,4.24,PF,1702938292
22,argo,37.6333,22.7333,9.65,45,0,2.02,GR,1702938292
23,nyrob,60.733,56.7202,-9.48,95,100,3.07,RU,1702938292
24,maxixe,-23.8597,35.3472,24.58,91,41,2.42,MZ,1702938293
25,ola,59.5833,151.2833,-24.23,88,8,5.57,RU,1702938293
26,bredasdorp,-34.5322,20.0403,15.43,70,26,1.7,ZA,1702938293
27,ust-nera,64.5667,143.2,-38.03,98,84,1.33,RU,1702938293
28,chibougamau,49.9168,-74.3659,0.79,100,100,5.14,CA,1702938293
29,qaqortoq,60.7167,-46.0333,-4.07,94,100,2.79,GL,1702938293
30,albany,42.6001,-73.9662,7.23,85,100,4.02,US,1702938294
31,olinda,-8.0089,-34.8553,27.85,74,40,3.6,BR,1702938294
32,yellowknife,62.456,-114.3525,-18.1,93,20,4.12,CA,1702938294
33,puerto ayora,-0.7393,-90.3518,28.98,90,68,1.34,EC,1702938294
34,kapuskasing,49.4169,-82.4331,-8.95,79,100,7.2,CA,1702938294
35,uturoa,-16.7333,-151.4333,26.48,78,99,3.67,PF,1702938295
36,san antonio de pale,-1.4014,5.6325,27.13,81,98,2.56,GQ,1702938295
37,djamaa,33.5339,5.9931,12.17,62,100,2.89,DZ,1702938295
38,avarua,-21.2078,-159.775,27.03,74,75,6.69,CK,1702938295
39,kondopoga,62.2057,34.2614,-1.18,95,84,4.92,RU,1702938295
40,pisco,-13.7,-76.2167,22.03,83,0,9.26,PE,1702938295
41,port mathurin,-19.6833,63.4167,26.63,77,4,7.11,MU,1702938296
42,jelgava,56.65,23.7128,6.02,97,100,4.98,LV,1702938296
43,tura,25.5198,90.2201,14.09,89,48,1.38,IN,1702938296
44,edinburgh of the seven seas,-37.0676,-12.3116,14.8,77,13,6.58,SH,1702938296
45,stanley,54.868,-1.6985,9.6,87,75,3.6,GB,1702938296
46,vilyuchinsk,52.9306,158.4028,-3.85,75,97,4.07,RU,1702938296
47,guantanamo,20.1444,-75.2092,25.76,90,67,2.75,CU,1702938297
48,port elizabeth,-33.918,25.5701,19.5,91,0,1.54,ZA,1702938297
49,badger,64.8,-147.5333,-12.86,85,75,0.0,US,1702938297
50,olonkinbyen,70.9221,-8.7187,-3.35,74,100,4.5,SJ,1702938297
51,konstantinovka,49.6167,127.9833,-35.45,98,13,1.04,RU,1702938297
52,ribeira grande,38.5167,-28.7,13.76,91,100,11.18,PT,1702938298
53,hermanus,-34.4187,19.2345,16.0,71,50,4.52,ZA,1702938298
54,"laikit, laikit ii (dimembe)",1.4792,124.9735,23.47,100,20,1.54,ID,1702938298
55,enewetak,11.3474,162.3373,27.44,71,42,8.88,MH,1702938298
56,san ignacio de velasco,-16.3667,-60.95,33.82,34,63,2.09,BO,1702938298
57,harper,4.375,-7.7169,26.33,84,73,3.22,LR,1702938298
58,pionerskiy,54.9508,20.2275,6.91,90,100,10.04,RU,1702938298
59,invercargill,-46.4,168.35,17.01,45,95,1.53,NZ,1702938299
60,minas de marcona,-15.2119,-75.1103,18.63,74,66,6.35,PE,1702938299
61,sur,22.5667,59.5289,21.09,53,0,1.91,OM,1702938299
62,griffith,41.5284,-87.4237,-1.73,55,100,8.23,US,1702938299
63,keflavik,64.0049,-22.5624,0.95,100,75,2.06,IS,1702938299
64,college,64.8569,-147.8028,-12.82,84,75,0.0,US,1702938299
65,chonchi,-42.6128,-73.8092,17.56,42,1,2.52,CL,1702938300
66,saipan,15.1355,145.701,27.39,89,20,6.69,MP,1702938300
67,sinabang,2.4803,96.3801,26.41,83,96,2.67,ID,1702938300
68,isafjordur,66.0755,-23.124,-1.62,85,100,3.66,IS,1702938300
69,malango,-2.9627,119.9001,20.55,98,100,0.74,ID,1702938300
70,saint-imier,47.1528,6.9969,0.49,86,0,1.03,CH,1702938300
71,palmer,42.1584,-72.3287,9.75,80,75,9.77,US,1702938048
72,cromwell,41.5951,-72.6454,11.14,82,100,4.63,US,1702938301
73,qamdo,31.1667,97.2333,-8.69,62,68,1.42,CN,1702938301
74,grytviken,-54.2811,-36.5092,3.31,71,13,1.04,GS,1702938301
75,nemuro,43.3236,145.575,-5.32,66,32,10.19,JP,1702938301
76,parintins,-2.6283,-56.7358,28.55,72,100,1.31,BR,1702938302
77,sao felix do xingu,-6.6447,-51.995,27.44,67,69,0.78,BR,1702938302
78,ushuaia,-54.8,-68.3,12.81,71,0,9.77,AR,1702938302
79,kasane,-17.8167,25.15,19.88,95,100,3.69,BW,1702938302
80,utrik,11.2278,169.8474,26.84,79,98,10.67,MH,1702938302
81,timbuktu,16.7735,-3.0074,17.69,15,100,7.86,ML,1702938303
82,yashikira,9.7667,3.4,25.16,20,75,2.42,NG,1702938303
83,palmas,-10.2128,-48.3603,24.93,88,75,1.54,BR,1702938129
84,srivardhan,18.0333,73.0167,25.03,52,100,3.64,IN,1702938303
85,dudinka,69.4058,86.1778,-12.43,83,100,13.41,RU,1702938303
86,abashiri,44.0213,144.2697,-8.65,81,30,5.72,JP,1702938304
87,talnakh,69.4865,88.3972,-12.66,76,100,9.01,RU,1702938304
88,nuuk,64.1835,-51.7216,-5.66,68,75,8.23,GL,1702938250
89,tiksi,71.6872,128.8694,-20.22,92,100,5.94,RU,1702938304
90,young,-32.6833,-57.6333,17.94,96,100,8.41,UY,1702938304
91,sidi okba,34.7451,5.8983,12.16,82,75,2.06,DZ,1702938305
92,necochea,-38.5473,-58.7368,13.57,61,100,6.76,AR,1702938305
93,mahalapye,-23.1041,26.8142,25.93,55,71,3.15,BW,1702938305
94,georgetown,5.4112,100.3354,25.96,89,20,2.06,MY,1702938246
95,imbituba,-28.24,-48.6703,24.57,84,39,6.78,BR,1702938169
96,caconda,-13.7333,15.0667,16.11,95,92,1.05,AO,1702938305
97,flying fish cove,-10.4217,105.6791,23.82,88,75,1.03,CX,1702938306
98,west island,-12.1568,96.8225,24.99,83,70,2.06,CC,1702938306
99,udachny,66.4167,112.4,-28.74,98,95,1.25,RU,1702938306
100,labasa,-16.4167,179.3833,29.85,71,45,4.49,FJ,1702938306
101,yatou,37.15,122.3833,-6.64,69,99,2.76,CN,1702938306
102,vadso,70.0744,29.7487,-0.91,74,20,8.75,NO,1702938306
103,longyearbyen,78.2186,15.6401,-4.09,68,40,7.2,SJ,1702938070
104,chateaubelair,13.2833,-61.25,25.29,89,75,4.63,VC,1702938307
105,koulamoutou,-1.1303,12.4736,22.56,97,100,1.23,GA,1702938307
106,puerto baquerizo moreno,-0.9,-89.6,27.55,74,40,7.72,EC,1702938307
107,vorgashor,67.5833,63.95,-17.47,86,96,5.39,RU,1702938307
108,tondano,1.3038,124.9112,21.05,93,64,0.19,ID,1702938307
109,amherst,41.3978,-82.2224,1.14,89,100,9.26,US,1702938308
110,puerto natales,-51.7236,-72.4875,14.25,58,75,4.12,CL,1702938308
111,kerikeri,-35.2268,173.9474,23.84,79,31,0.89,NZ,1702938308
112,colonia,50.9333,6.95,5.03,85,100,2.57,DE,1702938145
113,chui,-33.6971,-53.4616,19.32,82,100,6.63,UY,1702938308
114,lebu,-37.6167,-73.65,13.14,75,0,9.28,CL,1702938308
115,tangalle,6.024,80.7911,24.22,91,99,4.12,LK,1702938309
116,lodwar,3.1191,35.5973,28.66,47,99,5.89,KE,1702938309
117,smara,26.7384,-11.6719,14.45,26,0,4.95,EH,1702938309
118,nakhon thai,17.1006,100.8374,22.62,77,72,1.24,TH,1702938309
119,laojunmiao,39.8333,97.7333,-14.48,85,91,0.67,CN,1702938309
120,arys,42.4252,68.795,1.72,92,100,4.36,KZ,1702938310
121,papao,-17.75,-149.55,25.82,77,100,2.7,PF,1702938310
122,mogocha,53.7333,119.7667,-27.9,95,100,1.63,RU,1702938049
123,atafu village,-8.5421,-172.5159,29.31,73,67,2.53,TK,1702938310
124,stranraer,54.9023,-5.0273,9.48,88,100,7.3,GB,1702938310
125,mareeba,-17.0,145.4333,23.05,96,100,2.15,AU,1702938310
126,aasiaat,68.7098,-52.8699,-11.55,90,97,12.53,GL,1702938311
127,kipushi,-11.7667,27.2333,18.67,93,100,1.57,CD,1702938311
128,wenling,28.3669,121.36,7.28,92,100,5.03,CN,1702938311
129,bantogon,6.5333,124.0333,26.58,78,100,3.04,PH,1702938311
130,ciudad lazaro cardenas,17.9583,-102.2,28.34,71,10,4.38,MX,1702938311
131,medvedevo,56.6339,47.804,-3.42,94,100,4.02,RU,1702938311
132,st. john's,47.5649,-52.7093,5.38,88,75,6.17,CA,1702938264
133,otegen batyra,43.4278,77.0222,-5.69,93,75,1.0,KZ,1702938312
134,bady bassitt,-20.9181,-49.4453,34.11,33,40,2.57,BR,1702938312
135,aioun,16.6614,-9.6149,18.27,14,93,7.62,MR,1702938312
136,la ronge,55.1001,-105.2842,-1.86,69,40,4.12,CA,1702938312
137,karratha,-20.7377,116.8463,23.03,67,2,5.58,AU,1702938312
138,fort mcmurray,56.7268,-111.381,1.77,47,0,6.69,CA,1702938098
139,ha'il,27.5219,41.6907,9.01,49,0,0.0,SA,1702938313
140,nyala,12.05,24.8833,22.62,28,89,4.71,SD,1702938313
141,sitka,57.0531,-135.33,1.94,80,40,0.0,US,1702938313
142,torghay,49.6339,63.4981,-8.49,94,100,4.2,KZ,1702938313
143,neryungri,56.6709,124.6491,-39.6,100,95,1.61,RU,1702938259
144,lianhe,47.1333,129.2667,-28.24,96,77,0.8,CN,1702938313
145,hamilton,39.1834,-84.5333,0.79,78,100,9.26,US,1702938314
146,north bend,43.4065,-124.2243,14.48,94,75,3.6,US,1702938314
147,port saint john's,-31.6229,29.5448,21.17,85,100,4.28,ZA,1702938314
148,santa maria del oro,25.9333,-105.3667,20.61,18,90,2.21,MX,1702938314
149,kempsey,-31.0833,152.8333,27.75,75,89,3.58,AU,1702938314
150,alice springs,-23.7,133.8833,24.64,45,87,9.42,AU,1702938314
151,saint croix,17.7397,-64.7388,26.25,79,40,5.66,VI,1702938315
152,manjo,4.8428,9.8217,22.99,85,79,0.39,CM,1702938315
153,klyuchi,52.2667,79.1667,-13.62,59,100,7.49,RU,1702938315
154,kassala,15.451,36.4,24.94,44,4,3.24,SD,1702938315
155,el haouaria,37.05,11.0144,16.01,78,100,6.26,TN,1702938315
156,portland,45.5234,-122.6762,10.53,72,75,6.17,US,1702937815
157,sarmiento,-45.5882,-69.07,18.47,32,3,3.45,AR,1702938316
158,ebon,4.582,168.6964,27.9,78,94,8.51,MH,1702938316
159,nova sintra,14.8667,-24.7167,21.86,71,9,4.82,CV,1702938316
160,ancud,-41.8697,-73.8203,15.98,48,0,2.91,CL,1702938316
161,hithadhoo,-0.6,73.0833,28.14,76,83,3.33,MV,1702938316
162,yorkton,51.2167,-102.4677,-4.09,68,0,4.63,CA,1702938316
163,acajutla,13.5928,-89.8275,29.88,40,71,1.47,SV,1702938103
164,hadibu,12.65,54.0333,24.73,78,67,6.79,YE,1702938317
165,papatowai,-46.5619,169.4708,16.97,48,95,0.74,NZ,1702938317
166,rongelap,11.1635,166.8941,27.12,76,26,9.86,MH,1702938317
167,nago,26.5881,127.9761,22.47,72,6,5.84,JP,1702938317
168,lorengau,-2.0226,147.2712,27.71,80,98,1.32,PG,1702938318
169,toulepleu guere,6.574,-8.4259,23.07,31,33,1.19,CI,1702938318
170,hanak,41.2336,42.8472,-6.95,84,74,1.36,TR,1702938318
171,bordighera,43.7806,7.6645,15.02,78,1,1.34,IT,1702938318
172,weno,7.4515,151.8468,28.03,82,55,10.41,FM,1702938318
173,barcelona,41.3888,2.159,13.26,56,0,5.14,ES,1702938030
174,filiatra,37.15,21.5833,10.39,55,0,1.14,GR,1702938319
175,boiling springs,35.0465,-81.9818,13.06,32,0,6.17,US,1702938319
176,vinhais,41.8351,-7.005,4.34,68,0,1.32,PT,1702938319
177,rio grande,-32.035,-52.0986,23.06,95,100,6.03,BR,1702938319
178,praya,14.9215,-23.5087,24.3,69,40,7.2,CV,1702938319
179,kingston,17.997,-76.7936,28.53,54,40,8.75,JM,1702938200
180,pangkalanbuun,-2.6833,111.6167,23.74,97,100,0.65,ID,1702938319
181,vila velha,-20.3297,-40.2925,24.97,83,40,0.51,BR,1702938320
182,black point,-34.6187,137.8972,16.08,64,76,9.81,AU,1702938320
183,natal,-5.795,-35.2094,27.36,83,75,5.14,BR,1702938320
184,ta`u,-14.2336,-169.5144,27.71,84,88,4.83,AS,1702938320
185,whitehorse,60.7161,-135.0538,-10.11,82,75,1.54,CA,1702938320
186,reggane,26.7158,0.1714,10.24,43,0,5.03,DZ,1702938320
187,sakata,38.9167,139.855,3.1,70,75,4.12,JP,1702938321
188,santana do livramento,-30.8908,-55.5328,21.14,97,100,4.37,BR,1702938321
189,haiku-pauwela,20.9219,-156.3051,26.01,66,40,8.23,US,1702938321
190,parkes,-33.1333,148.1833,30.2,37,99,9.79,AU,1702938321
191,sao tome,0.3365,6.7273,27.42,79,67,1.63,ST,1702938321
192,parvatsar,26.8833,74.7667,12.09,37,8,3.0,IN,1702938321
193,concordia,-31.393,-58.0209,21.55,93,100,5.36,AR,1702938322
194,naze,28.3667,129.4833,18.51,73,62,6.28,JP,1702938322
195,totness,5.8833,-56.3167,26.35,85,88,4.05,SR,1702938322
196,nguigmi,14.2495,13.1092,22.25,30,7,5.4,NE,1702938322
197,jamestown,42.097,-79.2353,2.77,100,100,6.17,US,1702938143
198,daru,-9.0763,143.2092,26.25,88,99,2.79,PG,1702938322
199,taoudenni,22.6783,-3.9836,12.59,31,54,5.65,ML,1702938323
200,peterhead,57.5058,-1.7981,7.38,68,100,8.22,GB,1702938323
201,bilibino,68.0546,166.4372,-32.51,99,100,0.2,RU,1702938323
202,frontera,26.9333,-101.45,20.86,37,75,0.45,MX,1702938323
203,piedmont,37.8244,-122.2316,18.18,91,100,7.2,US,1702938323
204,touros,-5.1989,-35.4608,26.87,79,100,4.94,BR,1702938324
205,coquimbo,-29.9533,-71.3436,16.85,77,75,3.6,CL,1702938324
206,cabrobo,-8.5142,-39.31,29.41,40,100,1.42,BR,1702938324
207,mermoz boabab,14.7065,-17.4758,25.31,44,99,8.23,SN,1702938324
208,whangarei,-35.7317,174.3239,21.22,79,94,0.68,NZ,1702938204
209,iqaluit,63.7506,-68.5145,-17.15,66,100,2.57,CA,1702938324
210,glace bay,46.1969,-59.957,12.66,88,100,10.8,CA,1702938325
211,andergrove,-21.0833,149.1833,27.58,72,15,3.81,AU,1702938325
212,tindouf,27.6711,-8.1474,10.25,40,0,1.54,DZ,1702938325
213,kantemirovka,49.7089,39.8592,1.12,100,100,4.36,RU,1702938325
214,petropavlovsk-kamchatsky,53.0452,158.6483,-4.67,83,75,7.0,RU,1702938325
215,kingscliff,-28.2667,153.5667,28.86,69,45,6.17,AU,1702938326
216,chimbote,-9.0853,-78.5783,22.73,79,88,5.25,PE,1702938326
217,mirpur sakro,24.5474,67.6277,17.96,28,91,5.11,PK,1702938326
218,tazacorte,28.629,-17.9293,18.54,74,75,3.09,ES,1702938326
219,kailua-kona,19.6406,-155.9956,26.98,76,75,3.6,US,1702938326
220,siwa oasis,29.2041,25.5195,14.33,65,7,3.72,EG,1702938327
221,kapoeta,4.7717,33.5903,28.96,33,91,3.59,SS,1702938327
222,pitimbu,-7.4706,-34.8086,27.33,77,98,4.83,BR,1702938327
223,huarmey,-10.0681,-78.1522,23.22,79,94,5.14,PE,1702938327
224,okoneshnikovo,54.8377,75.0834,-11.53,86,100,6.77,RU,1702938327
225,okhotsk,59.3833,143.3,-26.32,85,33,8.33,RU,1702938327
226,cabo san lucas,22.8909,-109.9124,28.67,57,0,5.14,MX,1702938229
227,mar del plata,-38.0023,-57.5575,14.01,66,75,8.49,AR,1702938044
228,guiuan,11.0333,125.7247,27.22,85,100,9.16,PH,1702938328
229,soweto,-26.2678,27.8585,20.36,88,65,0.0,ZA,1702938202
230,gorontalo,0.5412,123.0595,24.86,92,81,1.12,ID,1702938328
231,trevelin,-43.0858,-71.4639,21.71,35,20,2.21,AR,1702938328
232,inhambane,-23.865,35.3833,25.01,90,40,2.79,MZ,1702938328
233,east ballina,-28.8667,153.5833,27.67,71,38,5.0,AU,1702938328
234,markovo,57.3206,107.0881,-38.58,100,38,0.7,RU,1702938329
235,katsuura,35.1333,140.3,8.52,69,100,5.69,JP,1702938329
236,taulaga,-11.0553,-171.0883,28.77,76,100,3.36,AS,1702938329
237,port lincoln,-34.7333,135.8667,15.26,61,56,8.22,AU,1702938329
238,caorle,45.5966,12.8758,3.98,59,0,1.55,IT,1702938329
239,al jabin,14.704,43.599,10.66,65,5,0.95,YE,1702938329
240,agboville,5.928,-4.2132,23.7,79,12,1.04,CI,1702938329
241,iskateley,67.6803,53.1512,-11.66,93,100,6.71,RU,1702938330
242,taro,-8.3862,115.28,21.03,87,84,0.46,ID,1702938330
243,bengkulu,-3.8004,102.2655,23.51,92,88,1.62,ID,1702938330
244,la'ie,21.6477,-157.9253,22.98,74,100,9.3,US,1702938330
245,codrington,-38.2667,141.9667,14.21,66,50,6.34,AU,1702938330
246,antsiranana,-12.2787,49.2917,26.53,79,90,2.76,MG,1702938330
247,toliara,-23.35,43.6667,25.79,60,19,5.96,MG,1702938331
248,barra de santo antonio,-9.4047,-35.5072,25.6,78,96,4.49,BR,1702938331
249,remire-montjoly,4.9167,-52.2667,27.02,89,20,2.06,GF,1702938331
250,sabang,5.8933,95.3214,28.14,78,81,7.46,ID,1702938331
251,murun-kuren,49.6342,100.1625,-27.37,83,19,1.71,MN,1702938331
252,tucuma,-0.1833,-50.05,27.51,75,79,2.83,BR,1702938332
253,okha,53.5739,142.9478,-19.53,91,85,9.18,RU,1702938332
254,helena valley west central,46.6629,-112.0604,4.56,62,0,0.0,US,1702938332
255,safaga,26.7292,33.9365,20.61,52,28,6.98,EG,1702938332
256,aykhal,66.0,111.5,-23.19,92,92,1.68,RU,1702938332
257,walvis bay,-22.9575,14.5053,16.72,88,100,4.63,NA,1702938333
258,arraial do cabo,-22.9661,-42.0278,24.98,78,20,4.12,BR,1702938147
259,constantia,44.1833,28.65,4.38,77,0,5.13,RO,1702938333
260,port alfred,-33.5906,26.891,17.88,97,33,0.89,ZA,1702938333
261,usinsk,65.9939,57.5281,-10.78,93,100,8.28,RU,1702938333
262,nairn,57.5809,-3.8797,5.92,78,20,5.66,GB,1702938333
263,hasaki,35.7333,140.8333,4.22,75,100,5.69,JP,1702938334
264,bardai,11.65,7.2333,20.86,24,21,3.96,NG,1702938334
265,egilsstadir,65.2653,-14.3948,-5.05,80,0,2.06,IS,1702938334
266,beneditinos,-5.45,-42.3667,27.81,62,87,2.05,BR,1702938334
267,crane,31.3974,-102.3501,16.59,32,52,4.32,US,1702938210
268,majene,-3.5403,118.9707,25.82,84,99,0.71,ID,1702938334
269,lembang,-6.8117,107.6175,20.42,83,100,0.45,ID,1702938335
270,kavieng,-2.5744,150.7967,28.38,78,88,2.35,PG,1702938335
271,fort bragg,35.139,-79.006,14.08,49,0,2.57,US,1702938335
272,lensk,60.7253,114.9278,-31.11,94,97,3.32,RU,1702938335
273,aladag,37.5485,35.396,4.26,45,1,3.92,TR,1702938335
274,beruwala,6.4788,79.9828,24.27,93,100,1.56,LK,1702938335
275,tadmur,34.5608,38.2805,7.6,43,0,0.73,SY,1702938335
276,chernyshevskiy,63.0128,112.4714,-38.87,100,88,1.14,RU,1702938336
277,pekan,3.4836,103.3996,25.06,90,99,2.81,MY,1702938336
278,badagara,11.6,75.5833,24.51,80,100,2.41,IN,1702938336
279,mejit,10.2753,170.8646,27.12,79,51,10.38,MH,1702938336
280,tofol,5.3248,163.0078,27.88,83,75,9.26,FM,1702938336
281,benghazi,32.1167,20.0667,16.41,65,0,4.33,LY,1702938337
282,yanjiang,30.1211,104.6481,4.2,71,7,1.31,CN,1702938337
283,ust'-ilimsk,58.0006,102.6619,-36.42,100,15,0.89,RU,1702938337
284,pocone,-16.2567,-56.6228,35.33,26,56,1.44,BR,1702938084
285,kutum,14.2,24.6667,18.36,38,41,4.54,SD,1702938337
286,bamboo flat,11.7,92.7167,28.05,83,20,2.57,IN,1702938337
287,yaren,-0.5472,166.916,28.01,81,100,9.82,NR,1702938337
288,plakhtiyivka,46.1006,29.7217,8.01,61,99,3.96,UA,1702938338
289,berezovo,63.9381,65.0419,-13.21,93,100,5.54,RU,1702938338
290,lautoka,-17.6167,177.4667,29.92,74,40,5.66,FJ,1702938338
291,sao joao da barra,-21.6403,-41.0511,26.05,89,0,4.2,BR,1702938242
292,mount isa,-20.7333,139.5,30.87,51,1,6.17,AU,1702938238
293,rumphi,-11.0186,33.8575,21.82,75,27,2.32,MW,1702938125
294,jijiang,29.2906,106.2542,6.94,68,99,0.46,CN,1702938339
295,cambria,35.5641,-121.0808,17.41,98,100,5.05,US,1702938176
296,san patricio,28.017,-97.5169,25.05,36,42,3.3,US,1702938339
297,polyarnyy,69.1989,33.4478,-7.84,87,12,6.07,RU,1702938339
298,melekeok village,7.4957,134.6367,26.31,89,75,2.06,PW,1702938339
299,yongchuan,29.3514,105.8947,6.1,67,100,0.6,CN,1702938339
300,tartouss,34.889,35.8866,13.34,44,0,3.49,SY,1702938340
301,carutapera,-1.195,-46.02,27.13,79,63,3.24,BR,1702938340
302,kodiak,57.79,-152.4072,-1.27,74,75,2.06,US,1702938340
303,gebeit,21.0667,36.3167,18.17,70,98,2.52,SD,1702938340
304,aban,56.67,96.06,-32.48,100,11,1.42,RU,1702938340
305,el calafate,-50.3408,-72.2768,16.08,59,84,5.84,AR,1702938340
306,samarinda,-0.5,117.15,22.96,99,100,1.01,ID,1702938340
307,ujae,8.9322,165.7642,27.37,71,18,10.58,MH,1702938341
308,magnitogorsk,53.4186,59.0472,-5.54,79,75,7.0,RU,1702938125
309,maturin,9.75,-63.1767,27.37,69,19,3.65,VE,1702938341
310,angaur state,6.906,134.13,28.17,76,89,5.95,PW,1702938341
311,kamenka,51.3223,42.7678,0.65,98,100,5.52,RU,1702938341
312,greenville,35.6127,-77.3663,13.09,54,0,1.54,US,1702938078
313,ghanzi,-21.5667,21.7833,27.55,46,97,2.38,BW,1702938341
314,rawson,-43.3002,-65.1023,17.07,43,41,6.53,AR,1702938342
315,koungheul,13.9833,-14.8,25.61,14,95,6.48,SN,1702938342
316,palikir - national government center,6.9248,158.1611,29.41,66,75,7.72,FM,1702938254
317,tartu,58.3806,26.7251,3.14,100,100,4.12,EE,1702938342
318,sorong,-0.8833,131.25,27.67,80,48,4.55,ID,1702938342
319,huancavelica,-12.7667,-74.9833,9.72,66,100,0.8,PE,1702938342
320,tamanrasset,22.785,5.5228,5.95,31,0,2.06,DZ,1702938342
321,al jawf,29.5,38.75,11.79,51,2,3.55,SA,1702938343
322,fale old settlement,-9.3852,-171.2468,28.96,75,84,1.52,TK,1702938343
323,pontianak,-0.0333,109.3333,24.99,100,75,1.03,ID,1702938343
324,port isabel,26.0734,-97.2086,24.05,60,0,3.09,US,1702938343
325,nelson bay,-32.7167,152.15,27.28,90,90,0.89,AU,1702938343
326,fada,9.5667,8.3,22.06,24,54,2.26,NG,1702938344
327,tanguieta,10.6212,1.2665,24.15,17,10,2.12,BJ,1702938344
328,santo antonio do sudoeste,-26.0736,-53.7253,27.37,69,73,0.56,BR,1702938344
329,puerto lempira,15.2667,-83.7667,25.08,88,40,8.23,HN,1702938344
330,paita,-5.0892,-81.1144,23.26,79,95,7.81,PE,1702938344
331,shagonar,51.5333,92.8,-34.1,99,92,1.11,RU,1702938084
332,ouani,-12.1322,44.4258,27.41,75,76,1.97,KM,1702938344
333,kudahuvadhoo,2.6708,72.8944,28.04,76,30,2.2,MV,1702938344
334,parksville,49.3163,-124.3195,7.8,94,100,6.17,CA,1702938345
335,horta,38.5333,-28.6333,13.34,91,100,11.18,PT,1702938345
336,geraldton,-28.7667,114.6,27.23,29,0,6.69,AU,1702938345
337,midelt,32.6852,-4.7451,1.9,67,0,1.21,MA,1702938345
338,oyama,36.3,139.8,6.44,43,100,2.21,JP,1702938346
339,port blair,11.6667,92.75,28.02,83,20,2.57,IN,1702938346
340,federacion,-31.0062,-57.8996,21.44,94,100,3.45,AR,1702938346
341,la union,-5.4,-80.75,28.3,55,98,7.55,PE,1702938346
342,galliano,29.4422,-90.2992,21.0,30,0,3.6,US,1702938346
343,champerico,14.3,-91.9167,32.3,71,21,3.48,GT,1702938347
344,kununurra,-15.7667,128.7333,28.99,94,8,0.0,AU,1702938347
345,talcahuano,-36.7167,-73.1167,17.82,55,0,7.2,CL,1702938347
346,kresttsy,58.2452,32.5165,1.39,100,100,4.01,RU,1702938347
347,susuman,62.7833,148.1667,-35.22,100,95,0.4,RU,1702938347
348,villa gesell,-37.2639,-56.973,14.98,66,99,10.21,AR,1702938347
349,carlsbad,33.1581,-117.3506,25.73,47,0,2.57,US,1702938105
350,melfort,52.8667,-104.6177,-3.93,68,49,4.12,CA,1702938348
351,spas-demensk,54.4122,34.0226,1.06,100,100,3.64,RU,1702938348
352,arica,-18.475,-70.3042,24.75,78,0,6.17,CL,1702938348
353,quellon,-43.1167,-73.6167,13.24,60,0,5.94,CL,1702938348
354,fortuna,40.5982,-124.1573,17.19,94,100,8.75,US,1702938348
355,mil'kovo,55.6078,37.7956,2.46,100,100,4.91,RU,1702938348
356,lycksele,64.5954,18.6735,0.93,93,20,2.57,SE,1702938349
357,camana,-16.6228,-72.7111,21.8,83,97,2.47,PE,1702938349
358,sittwe,20.15,92.9,19.64,72,2,3.16,MM,1702938349
359,salinopolis,-0.6136,-47.3561,27.5,79,29,4.06,BR,1702938349
360,sal rei,16.1833,-22.9167,23.45,69,56,8.22,CV,1702938349
361,kudat,6.8837,116.8477,27.96,83,100,1.54,MY,1702938349
362,puerto plata,19.7934,-70.6884,27.91,89,75,3.09,DO,1702938349
363,manggar,-2.8833,108.2667,26.06,84,100,1.32,ID,1702938350
364,lamu,-2.2717,40.902,25.12,85,97,4.58,KE,1702938350
365,tual,-5.6667,132.75,28.52,77,72,7.0,ID,1702938350
366,la gi,10.6667,107.7833,23.66,86,100,2.36,VN,1702938350
367,kapa'a,22.0752,-159.319,25.99,75,20,9.26,US,1702938350
368,isangel,-19.55,169.2667,28.06,83,75,3.09,VU,1702938350
369,novyy urgal,51.0736,132.5642,-26.4,96,100,0.51,RU,1702938351
370,podgornoye,51.735,39.1496,2.12,93,100,6.0,RU,1702938351
371,sahy,48.0741,18.9495,1.66,87,17,0.92,SK,1702938351
372,sao jose da coroa grande,-8.8978,-35.1478,26.46,79,98,4.5,BR,1702938351
373,mount pearl,47.5166,-52.7813,4.92,89,75,6.17,CA,1702938351
374,igarka,67.4667,86.5833,-17.24,85,100,11.94,RU,1702938259
375,jiangyou,31.7667,104.7167,2.98,70,86,0.16,CN,1702938352
376,labuan,5.2767,115.2417,27.2,89,20,0.0,MY,1702938352
377,murud,18.3258,72.965,25.19,52,100,4.04,IN,1702938352
378,burang,30.25,81.1667,-13.76,65,0,2.33,CN,1702938352
379,xiangyang,32.0422,112.1448,0.4,49,75,0.44,CN,1702938352
380,port macquarie,-31.4333,152.9167,27.16,73,80,6.31,AU,1702938352
381,severo-yeniseyskiy,60.3725,93.0408,-32.46,100,11,1.34,RU,1702938352
382,buka,40.8108,69.1986,5.61,68,100,3.7,UZ,1702938353
383,punta arenas,-53.15,-70.9167,14.06,58,0,12.35,CL,1702938127
384,tolanaro,-25.0319,46.9987,24.04,88,40,2.06,MG,1702938353
385,alamogordo,32.8995,-105.9603,18.17,17,0,1.54,US,1702938353
386,ostersund,63.1792,14.6357,0.9,80,75,6.69,SE,1702938353
387,verkhnevilyuysk,63.4453,120.3167,-30.38,98,100,2.63,RU,1702938353
388,la passe,45.5549,-0.8967,3.13,81,7,0.64,FR,1702938353
389,northam,51.0333,-4.2167,12.99,98,100,8.29,GB,1702938354
390,morant bay,17.8815,-76.4093,28.79,86,90,3.01,JM,1702938354
391,garissa,-0.4536,39.6401,26.3,80,64,2.83,KE,1702938354
392,thunder bay,48.4001,-89.3168,-9.01,53,0,3.6,CA,1702938090
393,bilicenii vechi,47.6564,28.0472,6.48,78,100,4.1,MD,1702938354
394,labytnangi,66.6572,66.4183,-15.01,96,100,3.64,RU,1702938354
395,bechar,31.6167,-2.2167,7.18,53,20,2.06,DZ,1702938355
396,puerto cabezas,14.0351,-83.3888,26.98,74,75,6.17,NI,1702938126
397,beau vallon,-20.4189,57.6953,26.13,89,75,1.03,MU,1702938355
398,balaipungut,1.05,101.2833,23.11,99,100,0.64,ID,1702938355
399,beruniy,41.6911,60.7525,-5.02,80,100,3.09,UZ,1702938355
400,jala,21.0833,-104.4333,28.26,20,82,0.79,MX,1702938355
401,castillos,-34.1667,-53.8333,17.19,86,100,6.75,UY,1702938356
402,querqueville,49.6625,-1.6912,10.82,87,100,9.26,FR,1702938356
403,fuglafjordur,62.244,-6.814,4.26,71,66,7.7,FO,1702938356
404,kaa-khem,51.6833,94.7333,-37.55,92,23,1.42,RU,1702938356
405,hakui,36.8833,136.7833,3.71,81,100,1.11,JP,1702938356
406,gilmer,32.7287,-94.9424,17.98,25,0,3.6,US,1702938356
407,mount gambier,-37.8333,140.7667,14.12,59,57,5.0,AU,1702938174
408,banovce nad bebravou,48.7213,18.2575,1.15,94,62,0.66,SK,1702938357
409,bataipora,-22.2953,-53.2711,32.57,34,81,2.69,BR,1702938357
410,alofi,-19.0595,-169.9187,28.94,70,75,10.29,NU,1702938357
411,prince rupert,54.3161,-130.3201,5.83,94,100,3.09,CA,1702938357
412,port moresby,-9.4431,147.1797,28.68,74,20,2.06,PG,1702938357
413,kabo,7.6994,18.629,26.73,27,77,2.26,CF,1702938357
414,tosontsengel,48.7567,98.2839,-39.6,99,94,0.58,MN,1702938358
415,coahuayana de hidalgo,18.7,-103.6583,29.52,62,16,2.9,MX,1702938358
416,obama,35.4958,135.746,3.86,84,100,2.28,JP,1702938358
417,lukuledi,-10.5667,38.8,24.14,85,91,2.35,TZ,1702938358
418,selfoss,63.9331,-20.9971,-1.09,87,100,1.18,IS,1702938358
419,nadym,65.5333,72.5167,-14.98,92,99,8.99,RU,1702938358
420,ulladulla,-35.35,150.4667,24.57,71,100,3.38,AU,1702938359
421,tostado,-29.232,-61.7692,19.52,94,100,7.7,AR,1702938359
422,yanam,16.7333,82.2167,21.21,76,61,2.21,IN,1702938359
423,shelekhov,52.2139,104.1,-31.79,95,100,2.45,RU,1702938359
424,baotou,40.6522,109.8222,-21.31,86,10,3.32,CN,1702938359
425,diamantino,-14.4086,-56.4461,33.13,29,79,1.54,BR,1702938359
426,dishna,26.1247,32.476,16.82,44,35,1.05,EG,1702938359
427,nar'yan-mar,67.6713,53.087,-11.61,93,100,6.71,RU,1702938360
428,vernon,50.2581,-119.2691,5.16,81,100,1.34,CA,1702938311
429,karachi,24.9056,67.0822,18.9,30,78,3.09,PK,1702938187
430,ordynskoye,54.3656,81.8994,-18.93,83,89,3.73,RU,1702938360
431,thorne,53.6112,-0.9631,13.62,78,98,5.86,GB,1702938360
432,khurda,20.1833,85.6167,13.95,53,21,1.27,IN,1702938360
433,ubari,26.5921,12.7805,12.48,45,27,4.13,LY,1702938361
434,balkashino,52.5167,68.7667,-4.59,96,100,4.03,KZ,1702938361
435,kalyandurg,14.5452,77.1055,19.35,81,87,5.12,IN,1702938361
436,huinan,42.6225,126.2614,-16.41,81,100,1.16,CN,1702938361
437,nizhneudinsk,54.9076,99.0276,-28.66,99,88,1.13,RU,1702938361
438,carnarvon,-24.8667,113.6333,22.23,81,0,6.29,AU,1702938361
439,heroica guaymas,27.9333,-110.9,29.14,39,75,3.09,MX,1702938362
440,zavodskoy,43.4597,132.2922,-24.23,77,5,2.0,RU,1702938362
441,sydney mines,46.2367,-60.2177,12.92,87,100,10.8,CA,1702938362
442,menongue,-14.6585,17.691,18.47,94,100,1.7,AO,1702938362
443,falenki,58.3613,51.5946,-3.53,96,100,4.04,RU,1702938362
444,bereznik,62.8551,42.7072,-4.12,93,98,2.71,RU,1702938362
445,laibin,23.7,109.2667,5.14,77,100,4.7,CN,1702938363
446,neverkino,52.7854,46.7417,-2.74,94,98,4.67,RU,1702938363
447,vanino,49.0869,140.2543,-17.26,81,100,2.65,RU,1702938363
448,carrigaline,51.8117,-8.3986,11.86,100,100,2.57,IE,1702938363
449,lompoc,34.6391,-120.4579,19.23,80,100,4.12,US,1702938364
450,pingliang,35.5392,106.6861,-8.13,46,0,0.79,CN,1702938364
451,kone,-21.0595,164.8658,25.41,77,99,1.82,NC,1702938364
452,christchurch,-43.5333,172.6333,20.18,80,100,6.17,NZ,1702938126
453,ierapetra,35.01,25.7353,15.08,63,1,4.47,GR,1702938085
454,comilla,23.4578,91.2044,15.22,82,68,2.23,BD,1702938365
455,kavali,14.9167,79.9833,23.04,80,89,3.52,IN,1702938365
456,brisas de zicatela,15.8369,-97.0419,28.29,57,40,3.6,MX,1702938365
457,east london,-33.0153,27.9116,19.09,83,53,3.32,ZA,1702938366
458,myrina,39.8797,25.0742,6.58,81,0,0.0,GR,1702938366
459,ridgecrest,35.6225,-117.6709,20.36,21,75,5.36,US,1702938366
460,tocopilla,-22.092,-70.1979,20.45,72,22,2.21,CL,1702938366
461,angra do heroismo,38.65,-27.2167,16.18,87,75,1.34,PT,1702938367
462,paris,48.8534,2.3488,4.34,94,100,4.12,FR,1702937772
463,playas,-2.6333,-80.3833,25.73,79,87,6.58,EC,1702938367
464,paradip garh,20.3167,86.6167,18.0,54,13,3.78,IN,1702938368
465,praia da vitoria,38.7333,-27.0667,15.98,100,75,9.51,PT,1702938368
466,port augusta,-32.5,137.7667,18.23,66,91,12.36,AU,1702938368
467,luderitz,-26.6481,15.1594,18.33,64,55,8.0,NA,1702938369
468,sinop,41.7711,34.8709,3.83,73,83,2.9,TR,1702938369
469,guaruja,-23.9931,-46.2564,26.02,26,42,2.24,BR,1702938369
470,nantucket,41.2835,-70.0995,12.08,100,100,17.49,US,1702938370
471,amga,60.8953,131.9608,-43.57,100,100,0.85,RU,1702938370
472,guarapari,-20.6667,-40.4975,23.49,89,13,3.0,BR,1702938259
473,okondja,-0.6549,13.6753,23.48,87,100,1.17,GA,1702938371
474,borinskoye,52.4569,39.3713,1.87,100,100,4.9,RU,1702938371
475,yuzhno-kurilsk,44.0306,145.8556,-2.57,76,100,9.61,RU,1702938371
476,salinas,36.6777,-121.6555,19.32,83,100,7.2,US,1702938371
477,shijiang,27.0819,110.7933,0.75,88,100,0.83,CN,1702938372
478,antalaha,-14.9003,50.2788,24.53,79,100,1.49,MG,1702938373
479,san antonio,29.4241,-98.4936,23.06,34,75,3.09,US,1702938238
480,pithoro,25.5167,69.3833,17.03,30,59,3.97,PK,1702938373
481,san luis de la loma,17.2706,-100.8939,28.48,72,17,3.22,MX,1702938373
482,rovaniemi,66.5,25.7167,-2.33,93,100,3.6,FI,1702938374
483,urangan,-25.3,152.9,25.66,68,4,3.23,AU,1702938374
484,smedjebacken,60.1418,15.4142,3.21,98,100,5.03,SE,1702938375
485,veraval,20.9,70.3667,22.03,41,97,7.6,IN,1702938375
486,alvand,36.3187,49.1678,-2.23,83,20,1.12,IR,1702938375
487,olyokminsk,60.3736,120.4264,-30.48,95,100,2.18,RU,1702938375
488,eirunepe,-6.6603,-69.8736,27.07,88,65,0.97,BR,1702938376
489,vylkove,45.4021,29.586,6.43,69,77,3.58,UA,1702938376
490,kalmunai,7.4167,81.8167,25.74,85,99,3.46,LK,1702938376
491,junagarh,19.8667,82.9333,14.4,70,89,0.6,IN,1702938376
492,ar rutbah,33.0381,40.2848,5.84,47,14,3.38,IQ,1702938377
493,vitry-le-francois,48.7333,4.5833,2.23,88,52,2.96,FR,1702938377
494,arno,60.1167,18.6333,4.32,96,100,6.24,SE,1702938377
495,rimouski,48.4488,-68.524,15.1,75,100,15.39,CA,1702938050
496,riohacha,11.5444,-72.9072,29.06,84,0,4.12,CO,1702938088
497,forster,-32.1667,152.5167,29.65,73,94,3.33,AU,1702938378
498,sinnar,13.5691,33.5672,25.26,29,6,4.77,SD,1702938378
499,bikenibeu village,1.3673,173.1241,26.98,94,75,3.6,KI,1702938378
500,rudbar,30.15,62.6,12.26,28,34,2.27,AF,1702938379
501,skidaway island,31.9349,-81.0471,16.06,44,0,6.17,US,1702938379
502,villa del totoral,-30.8167,-63.7167,15.01,84,100,10.34,AR,1702938379
503,knyaze-volkonskoye,48.4642,135.4567,-29.81,97,94,2.24,RU,1702938379
504,ca mau,9.1769,105.15,24.46,86,100,2.3,VN,1702938380
505,tromso,69.6496,18.957,0.01,80,75,3.09,NO,1702938380
506,amos,48.5669,-78.1162,-4.09,87,100,7.7,CA,1702938132
507,kurmuk,10.55,34.2833,28.18,30,97,1.22,SD,1702938380
508,wuwei,37.9281,102.6414,-13.61,88,9,0.77,CN,1702938381
509,buala,-8.145,159.5921,27.7,68,98,1.62,SB,1702938381
510,homer,59.6425,-151.5483,-0.06,93,75,1.54,US,1702938382
511,kyabe,9.4515,18.9449,28.01,22,73,1.86,TD,1702938382
512,namibe,-15.1961,12.1522,23.11,79,89,1.78,AO,1702938382
513,clarence town,-32.5833,151.7833,27.21,52,97,1.26,AU,1702938382
514,howard springs,-12.497,131.047,29.95,96,80,3.48,AU,1702938383
515,berdigestyakh,62.0989,126.6992,-33.19,98,100,2.29,RU,1702938383
516,nchelenge,-9.3451,28.734,23.7,83,100,1.88,ZM,1702938383
517,myanaung,18.2833,95.3167,20.52,70,6,2.95,MM,1702938383
518,gadzhiyevo,69.2551,33.3362,-7.43,85,10,6.93,RU,1702938384
519,yugorsk,61.3133,63.3319,-11.17,94,100,4.43,RU,1702938384
520,malakal,9.5334,31.6605,27.75,28,49,0.54,SS,1702938384
521,nova xavantina,-14.6667,-52.35,32.27,28,43,1.35,BR,1702938384
522,kitimat,54.0524,-128.6534,1.21,99,100,1.71,CA,1702938364
523,soe,-9.8607,124.284,19.06,82,60,1.28,ID,1702938385
524,shingu,33.7333,135.9833,4.47,69,100,2.14,JP,1702938188
525,zhangjiakou,40.81,114.8794,-17.27,73,20,5.43,CN,1702938385
526,tanaina,61.6269,-149.4281,-2.34,82,100,4.12,US,1702938386
527,santa ana,33.7456,-117.8678,24.71,36,75,2.57,US,1702938334
528,al burayqah,30.4062,19.5739,16.54,65,0,5.11,LY,1702938386
529,lazaro cardenas,17.9583,-102.2,28.34,71,10,4.38,MX,1702938386
530,sao francisco,-15.9486,-44.8644,28.12,38,60,2.2,BR,1702938387
531,queenstown,-31.8976,26.8753,15.59,80,100,2.87,ZA,1702938362
532,lodja,-3.4833,23.4333,21.16,99,100,0.75,CD,1702938387
533,greymouth,-42.4667,171.2,16.71,58,19,2.25,NZ,1702938242
534,kuyeda,56.4311,55.5886,-4.94,97,100,3.88,RU,1702938387
535,chesterton,41.6106,-87.0642,-1.67,66,100,7.2,US,1702938388
536,hanceville,34.0607,-86.7675,11.42,43,0,6.52,US,1702938388
537,gornopravdinsk,60.05,69.9,-10.5,93,100,4.68,RU,1702938388
538,nishinoomote,30.7333,131.0,14.87,74,99,6.95,JP,1702938389
539,zarzis,33.504,11.1122,16.91,63,88,5.74,TN,1702938389
540,felipe carrillo puerto,19.5833,-88.05,25.3,50,0,2.02,MX,1702938375
541,nova kakhovka,46.7545,33.3486,5.97,87,100,2.7,UA,1702938390
542,valle de la pascua,9.2155,-66.0073,31.11,41,53,2.25,VE,1702938391
543,mikun',62.3547,50.0771,-3.53,95,100,3.25,RU,1702938391
544,krasnyy chikoy,50.3643,108.7512,-23.53,96,100,2.09,RU,1702938391
545,brookings,44.3114,-96.7984,-2.73,61,0,3.09,US,1702938205
546,benguela,-12.5763,13.4055,26.19,86,100,1.34,AO,1702938392
547,gualeguay,-33.1416,-59.3097,18.41,86,100,8.23,AR,1702938393
548,carsamba,41.1989,36.7219,9.83,76,75,1.03,TR,1702938393
549,dera bugti,29.0307,69.151,12.29,36,0,2.13,PK,1702938393
550,bubaque,11.2833,-15.8333,28.01,58,88,4.2,GW,1702938393
551,vorkuta,67.5,64.0,-17.05,85,95,5.26,RU,1702938394
552,mabaruma,8.2,-59.7833,25.01,89,67,1.95,GY,1702938394
553,umarkhed,19.6,77.7,16.08,42,100,3.01,IN,1702938394
554,tinogasta,-28.0632,-67.5649,24.41,50,68,4.27,AR,1702938394
555,baiyin,36.5583,104.2081,-10.06,57,0,2.25,CN,1702938394
556,yung shue wan,22.2333,114.1167,18.51,83,100,5.2,HK,1702938395
557,kovdor,67.5662,30.4758,-14.55,100,97,2.03,RU,1702938395
558,grand baie,-20.0182,57.5802,26.26,93,100,4.13,MU,1702938395
559,adiake,5.2863,-3.304,26.75,83,27,3.3,CI,1702938395
560,kembe,4.6228,21.8865,24.66,45,83,0.85,CF,1702938396
561,zhongshu,24.5167,103.7667,6.14,96,87,1.8,CN,1702938396
